{
  "condition": "minecraft:entity_properties",
  "entity": "this",
  "predicate": {
    "equipment": {
      "mainhand": {
        "items": [
          "minecraft:turtle_helmet",
          "minecraft:netherite_helmet",
          "minecraft:diamond_helmet",
          "minecraft:iron_helmet",
          "minecraft:golden_helmet",
          "minecraft:chainmail_helmet",
          "minecraft:leather_helmet",
          
          "minecraft:player_head",

          "minecraft:carved_pumpkin"
        ]
      }
    }
  }
}
