{
  "display": {
    "icon": {
      "item": "minecraft:writable_book"
    },
    "title": {
      "translate":"Detailed Information"
    },
    "description": {
      "translate": "Drop a book and quill on top of a enchanting table",
      "color": "dark_aqua"
    },
    "frame": "task",
    "show_toast": true,
    "announce_to_chat": false,
    "hidden": false
  },
  "parent": "enchantplus:progress/root",
  "criteria": {
    "requirement": {
      "trigger": "minecraft:inventory_changed",
      "conditions": {
        "items": [
          {
            "items": [
              "minecraft:written_book"
            ],
            "nbt": "{TeplusGuide:1b}"
          }
        ]
      }
    }
  }
}
