{
  "display": {
    "icon": {
      "item": "minecraft:enchanted_book"
    },
    "title": {
      "translate":"Heat Vision",
      "color":"#F9F48B"
    },
    "description": {
      "translate": "A kid shoot me with a \"Rasho Laser\"",
      "color": "white"
    },
    "frame": "task",
    "show_toast": false,
    "announce_to_chat": false,
    "hidden": false
  },
  "parent": "tepad_uncover:display/jasdan/main",
  "criteria": {
    "requirement": {
      "trigger": "minecraft:inventory_changed",
      "conditions": {
        "items": [
          {
            "items": [
              "minecraft:enchanted_book"
            ],
            "nbt": "{StoredCustomEnchantments:[{id:\"HeatVision\"}]}"
          }
        ]
      }
    }
  }
}
