{
    "values": [
        {"id":"tepad_compact:teplus/techanv/interaction/item_type/book", "required":false},
        {"id":"tepad_expertise:teplus/techanv/interaction/item_type/book", "required":false},
        {"id":"tepad_frostbite:teplus/techanv/interaction/item_type/book", "required":false},
        {"id":"tepad_heat_vision:teplus/techanv/interaction/item_type/book", "required":false},
        {"id":"tepad_pull:teplus/techanv/interaction/item_type/book", "required":false},
        {"id":"tepad_relocation:teplus/techanv/interaction/item_type/book", "required":false},
        {"id":"tepad_spawner_touch:teplus/techanv/interaction/item_type/book", "required":false},
        {"id":"tepad_uncover:teplus/techanv/interaction/item_type/book", "required":false},
        {"id":"tepad_voidless:teplus/techanv/interaction/item_type/book", "required":false},
        {"id":"tepad_withering:teplus/techanv/interaction/item_type/book", "required":false}
    ]
}