{
	"pools": [
	  {
		"rolls": 1,
		"entries": [
		  {
			"type": "minecraft:loot_table",
			"weight": 10,
			"name": "tepad_uncover:rarity/common"
		  },
		  {
			"type": "minecraft:loot_table",
			"weight": 8,
			"name": "tepad_uncover:rarity/uncommon"
		  },
		  {
			"type": "minecraft:loot_table",
			"weight": 6,
			"name": "tepad_uncover:rarity/rare"
		  },
		  {
			"type": "minecraft:loot_table",
			"weight": 5,
			"name": "tepad_uncover:rarity/epic"
		  },
		  {
			"type": "minecraft:loot_table",
			"weight": 2,
			"name": "tepad_uncover:rarity/legendary"
		  }
		]
	  }
	]
  }
  