{
    "values": [
        {"id":"tepad_compact:teplus/enchanting/clean_storage", "required":false},
        {"id":"tepad_expertise:teplus/enchanting/clean_storage", "required":false},
        {"id":"tepad_frostbite:teplus/enchanting/clear_storage", "required":false},
        {"id":"tepad_heat_vision:teplus/enchanting/clean_storage", "required":false},
        {"id":"tepad_pull:teplus/enchanting/clean_storage", "required":false},
        {"id":"tepad_relocation:teplus/enchanting/clean_storage", "required":false},
        {"id":"tepad_spawner_touch:teplus/enchanting/clean_storage", "required":false},
        {"id":"tepad_uncover:teplus/enchanting/clean_storage", "required":false},
        {"id":"tepad_voidless:teplus/enchanting/clear_storage", "required":false},
        {"id":"tepad_withering:teplus/enchanting/clear_storage", "required":false}
    ]
}