[
  {
    "function": "minecraft:set_enchantments",
    "enchantments": {
      "minecraft:thorns": 16
    },
    "conditions": [
      {
        "condition": "minecraft:entity_properties",
        "entity": "this",
        "predicate": {
          "equipment": {
            "offhand": {
              "enchantments": [
                {
                  "enchantment": "minecraft:thorns",
                  "levels": 3
                }
              ]
            }
          }
        }
      }
    ]
  },
  {
    "function": "minecraft:set_enchantments",
    "enchantments": {
      "minecraft:thorns": 14
    },
    "conditions": [
      {
        "condition": "minecraft:entity_properties",
        "entity": "this",
        "predicate": {
          "equipment": {
            "offhand": {
              "enchantments": [
                {
                  "enchantment": "minecraft:thorns",
                  "levels": 2
                }
              ]
            }
          }
        }
      }
    ]
  },
  {
    "function": "minecraft:set_enchantments",
    "enchantments": {
      "minecraft:thorns": 12
    },
    "conditions": [
      {
        "condition": "minecraft:entity_properties",
        "entity": "this",
        "predicate": {
          "equipment": {
            "offhand": {
              "enchantments": [
                {
                  "enchantment": "minecraft:thorns",
                  "levels": 1
                }
              ]
            }
          }
        }
      }
    ]
  }
]
{
  "function": "minecraft:set_enchantments",
  "enchantments": {
    "minecraft:thorns": 12
  }
}
