{
  "display": {
    "icon": {
      "item": "minecraft:book",
      "nbt":"{Enchantments:[{}]}"
    },
    "title": {
      "translate":"TE+ Addons"
    },
    "description": {
      "translate": "Discover new enchantments made by the community",
      "color": "aqua"
    },
    "background": "minecraft:textures/block/quartz_block_side.png",
    "frame": "task",
    "show_toast": true,
    "announce_to_chat": true,
    "hidden": false
  },
  "criteria": {
    "requirement": {
      "trigger": "minecraft:inventory_changed",
      "conditions": {
        "items": [
          {
            "items": [
              "minecraft:enchanted_book"
            ],
            "nbt": "{StoredCustomEnchantments:[{}]}"
          }
        ]
      }
    }
  }
}
