{
    "values": [
        {"id":"tepad_compact:register", "required":false},
        {"id":"tepad_expertise:register", "required":false},
        {"id":"tepad_frostbite:register", "required":false},
        {"id":"tepad_heat_vision:register", "required":false},
        {"id":"tepad_pull:register", "required":false},
        {"id":"tepad_relocation:register", "required":false},
        {"id":"tepad_spawner_touch:register", "required":false},
        {"id":"tepad_uncover:register", "required":false},
        {"id":"tepad_voidless:register", "required":false},
        {"id":"tepad_withering:register", "required":false}
    ]
}