{
    "values": [
        {"id":"tepad_compact:set_options", "required":false},
        {"id":"tepad_expertise:set_options", "required":false},
        {"id":"tepad_frostbite:set_options", "required":false},
        {"id":"tepad_heat_vision:set_options", "required":false},
        {"id":"tepad_pull:set_options", "required":false},
        {"id":"tepad_relocation:set_options", "required":false},
        {"id":"tepad_spawner_touch:set_options", "required":false},
        {"id":"tepad_uncover:set_options", "required":false},
        {"id":"tepad_voidless:set_options", "required":false},
        {"id":"tepad_withering:set_options", "required":false},
        {"id":"tepad_withering:uninstall", "required":false}
    ]
}