{
    "values": [
        {"id":"tepad_compact:uninstall", "required":false},
        {"id":"tepad_expertise:uninstall", "required":false},
        {"id":"tepad_frostbite:uninstall", "required":false},
        {"id":"tepad_heat_vision:uninstall", "required":false},
        {"id":"tepad_pull:uninstall", "required":false},
        {"id":"tepad_relocation:uninstall", "required":false},
        {"id":"tepad_spawner_touch:uninstall", "required":false},
        {"id":"tepad_uncover:uninstall", "required":false},
        {"id":"tepad_voidless:uninstall", "required":false},
        {"id":"tepad_withering:uninstall", "required":false}
    ]
}