[
  {
    "function": "minecraft:set_attributes",
    "modifiers": [
      {
        "attribute": "minecraft:generic.movement_speed",
        "name": "",
        "amount": 0.33,
        "operation": "multiply_base",
        "slot": "feet"
      },
      {
        "attribute": "minecraft:generic.armor",
        "name": "",
        "amount": 3,
        "operation": "addition",
        "slot": "feet"
      },
      {
        "attribute": "minecraft:generic.armor_toughness",
        "name": "",
        "amount": 3,
        "operation": "addition",
        "slot": "feet"
      },
      {
        "attribute": "minecraft:generic.knockback_resistance",
        "name": "",
        "amount": 0.1,
        "operation": "addition",
        "slot": "feet"
      }
    ],
    "conditions": [
      {
        "condition": "minecraft:entity_scores",
        "entity": "this",
        "scores": {
          "TCHA.Section1": 1
        }
      }
    ]
  },
  {
    "function": "minecraft:set_attributes",
    "modifiers": [
      {
        "attribute": "minecraft:generic.movement_speed",
        "name": "",
        "amount": 0.66,
        "operation": "multiply_base",
        "slot": "feet"
      },
      {
        "attribute": "minecraft:generic.armor",
        "name": "",
        "amount": 3,
        "operation": "addition",
        "slot": "feet"
      },
      {
        "attribute": "minecraft:generic.armor_toughness",
        "name": "",
        "amount": 3,
        "operation": "addition",
        "slot": "feet"
      },
      {
        "attribute": "minecraft:generic.knockback_resistance",
        "name": "",
        "amount": 0.1,
        "operation": "addition",
        "slot": "feet"
      }
    ],
    "conditions": [
      {
        "condition": "minecraft:entity_scores",
        "entity": "this",
        "scores": {
          "TCHA.Section1": 2
        }
      }
    ]
  },
  {
    "function": "minecraft:set_attributes",
    "modifiers": [
      {
        "attribute": "minecraft:generic.movement_speed",
        "name": "",
        "amount": 1,
        "operation": "multiply_base",
        "slot": "feet"
      },
      {
        "attribute": "minecraft:generic.armor",
        "name": "",
        "amount": 3,
        "operation": "addition",
        "slot": "feet"
      },
      {
        "attribute": "minecraft:generic.armor_toughness",
        "name": "",
        "amount": 3,
        "operation": "addition",
        "slot": "feet"
      },
      {
        "attribute": "minecraft:generic.knockback_resistance",
        "name": "",
        "amount": 0.1,
        "operation": "addition",
        "slot": "feet"
      }
    ],
    "conditions": [
      {
        "condition": "minecraft:entity_scores",
        "entity": "this",
        "scores": {
          "TCHA.Section1": 3
        }
      }
    ]
  }
]
