{
  "display": {
    "icon": {
      "item": "minecraft:bookshelf",
      "nbt": "{Enchantments:[{}]}"
    },
    "title": {
      "translate":"Upgrading the power"
    },
    "description": {
      "translate": "Create a Tier 3 enchanting setup",
      "color": "green"
    },
    "frame": "task",
    "show_toast": true,
    "announce_to_chat": false,
    "hidden": false
  },
  "parent": "enchantplus:progress/start/enchanting_setup/charged_bookshelf",
  "criteria": {
    "requirement": {
      "trigger": "minecraft:impossible"
    }
  }
}
