{
	"condition": "minecraft:any_of",
	"terms": [
	  {
		"condition": "minecraft:reference",
		"name": "enchantplus:has_ench/chestplate"
	  },
	  {
		"condition": "minecraft:reference",
		"name": "enchantplus:has_ench/boots"
	  },
	  {
		"condition": "minecraft:reference",
		"name": "enchantplus:has_ench/helmet"
	  },
	  {
		"condition": "minecraft:reference",
		"name": "enchantplus:has_ench/leggings"
	  },
	  {
		"condition": "minecraft:reference",
		"name": "enchantplus:has_ench/selected"
	  },
	  {
		"condition": "minecraft:reference",
		"name": "enchantplus:has_ench/offhand"
	  }
	]
  }
  