{
  "criteria": {
    "requirement": {
      "trigger": "minecraft:placed_block",
      "conditions": {
        "location": [
          {
            "condition": "minecraft:match_tool",
            "predicate": {
              "items": [
                "minecraft:bookshelf"
              ],
              "nbt": "{TeplusChBf:1b}"
            }
          }
        ]
      }
    }
  },
  "rewards": {
    "function": "enchantplus:enchanting_table/charged_bookshelf/place/init"
  }
}
