[
  {
    "function": "minecraft:set_attributes",
    "modifiers": [
      {
        "attribute": "minecraft:generic.knockback_resistance",
        "name": "",
        "amount": 0.25,
        "operation": "addition",
        "slot": "offhand"
      },
      {
        "attribute": "minecraft:generic.knockback_resistance",
        "name": "",
        "amount": 0.25,
        "operation": "addition",
        "slot": 
          "mainhand"
      }
    ],
    "conditions": [
      {
        "condition": "minecraft:entity_scores",
        "entity": "this",
        "scores": {
          "teplus.antkbk": 1
        }
      }
    ]
  },
  {
    "function": "minecraft:set_attributes",
    "modifiers": [
      {
        "attribute": "minecraft:generic.knockback_resistance",
        "name": "",
        "amount": 0.5,
        "operation": "addition",
        "slot": "offhand"
      },
      {
        "attribute": "minecraft:generic.knockback_resistance",
        "name": "",
        "amount": 0.5,
        "operation": "addition",
        "slot": 
          "mainhand"
      }
    ],
    "conditions": [
      {
        "condition": "minecraft:entity_scores",
        "entity": "this",
        "scores": {
          "teplus.antkbk": 2
        }
      }
    ]
  }
]
