{
  "display": {
    "icon": {
      "item": "minecraft:rotten_flesh"
    },
    "title": {
      "translate":"Kill to enchant"
    },
    "description": {
      "translate": "Kill an enchanted mob",
      "color": "green"
    },
    "frame": "task",
    "show_toast": true,
    "announce_to_chat": false,
    "hidden": false
  },
  "parent": "enchantplus:progress/start/extensions/vanilla_plus",
  "criteria": {
	  "requirement": {
		"trigger": "minecraft:player_killed_entity",
		"conditions": {
		  "entity": [
			{
			  "condition": "minecraft:entity_properties",
			  "entity": "this",
			  "predicate": {
				"nbt": "{Tags:[\"tepdrop.can\"]}"
			  }
			}
		  ]
		}
	  }
	}
}
