[
	{
	  "function": "minecraft:set_lore",
	  "entity": "this",
	  "lore": [
		[
		  {
			"translate": "Pull",
			"color": "gray",
			"italic": false
		  },
		  {
			"text": " "
		  },
		  {
			"nbt": "Level",
			"storage": "teplus:item_lore",
			"color": "gray",
			"italic": false
		  }
		]
	  ],
	  "replace": false
	},
	{
	  "function": "minecraft:set_lore",
	  "entity": "this",
	  "lore": [
		[
		  [
			{
			  "text": "► ",
			  "color": "green"
			},
			{
			  "translate": "item.minecraft.fishing_rod",
			  "color": "green"
			}
		  ]
		]
	  ],
	  "replace": false,
	  "conditions": [
		{
		  "condition": "minecraft:entity_properties",
		  "entity": "this",
		  "predicate": {
			"nbt": "{Tags:[\"teplus.loot_1ench\"]}"
		  }
		}
	  ]
	},
	{
	  "function": "minecraft:set_nbt",
	  "tag": "{CustomModelData:7340124}",
	  "conditions": [
		{
		  "condition": "minecraft:entity_properties",
		  "entity": "this",
		  "predicate": {
			"nbt": "{Tags:[\"teplus.loot_is_book\",\"teplus.loot_1ench\"]}"
		  }
		},
		{
		  "condition": "minecraft:entity_scores",
		  "entity": "this",
		  "scores": {
			"TCHA.Section1": 1
		  }
		}
	  ]
	},
	{
	  "function": "minecraft:set_nbt",
	  "tag": "{CustomModelData:7340125}",
	  "conditions": [
		{
		  "condition": "minecraft:entity_properties",
		  "entity": "this",
		  "predicate": {
			"nbt": "{Tags:[\"teplus.loot_is_book\",\"teplus.loot_1ench\"]}"
		  }
		},
		{
		  "condition": "minecraft:entity_scores",
		  "entity": "this",
		  "scores": {
			"TCHA.Section1": 2
		  }
		}
	  ]
	},
	{
	  "function": "minecraft:set_nbt",
	  "tag": "{CustomModelData:7340126}",
	  "conditions": [
		{
		  "condition": "minecraft:entity_properties",
		  "entity": "this",
		  "predicate": {
			"nbt": "{Tags:[\"teplus.loot_is_book\",\"teplus.loot_1ench\"]}"
		  }
		},
		{
		  "condition": "minecraft:entity_scores",
		  "entity": "this",
		  "scores": {
			"TCHA.Section1": 3
		  }
		}
	  ]
	},
	{
	  "function": "minecraft:set_nbt",
	  "tag": "{CustomModelData:7340127}",
	  "conditions": [
		{
		  "condition": "minecraft:entity_properties",
		  "entity": "this",
		  "predicate": {
			"nbt": "{Tags:[\"teplus.loot_is_book\",\"teplus.loot_1ench\"]}"
		  }
		},
		{
		  "condition": "minecraft:entity_scores",
		  "entity": "this",
		  "scores": {
			"TCHA.Section1": {
			  "min": 4
			}
		  }
		}
	  ]
	}
  ]
  