{
  "criteria": {
    "requirement": {
      "trigger": "minecraft:player_hurt_entity",
      "conditions": {
        "player": [
          {
            "condition": "minecraft:entity_properties",
            "entity": "this",
            "predicate": {
              "equipment": {
                "mainhand": {
					"items": [
                    "minecraft:trident"
                  ],
                  "enchantments": [
                    {
                      "enchantment": "minecraft:channeling"
                    }
                  ]
                }
              }
            }
          }
        ],
		"entity": [
          {
            "condition": "minecraft:weather_check",
            "raining": true
          }
        ]
      }
    }
  },
  "rewards": {
    "function": "enchant:rain_channeling"
  }
}
