{
  "criteria": {
    "requirement": {
      "trigger": "minecraft:player_hurt_entity",
      "conditions": {
        "player": [
          {
            "condition": "minecraft:entity_properties",
            "entity": "this",
            "predicate": {
              "equipment": {
                "mainhand": {
                  "items": [
                    "minecraft:trident"
                  ],
                  "enchantments": [
                    {
                      "enchantment": "minecraft:impaling"
                    }
                  ]
                }
              }
            }
          }
        ],
        "entity": [
          {
            "condition": "minecraft:entity_properties",
            "entity": "this",
            "predicate": {
              "location": {
                "fluid": {
                  "fluid": "minecraft:water"
                }
              }
            }
          }
        ]
      }
    }
  },
  "rewards": {
    "function": "enchant:bedrock_impaling"
  }
}
