{
  "criteria": {
    "requirement": {
      "trigger": "minecraft:player_hurt_entity",
      "conditions": {
        "player": [
          {
            "condition": "minecraft:entity_properties",
            "entity": "this",
            "predicate": {
              "equipment": {
                "mainhand": {
                  "enchantments": [
                    {
                      "enchantment": "minecraft:knockback"
                    }
                  ]
                }
              }
            }
          }
        ]
      }
    }
  },
  "rewards": {
    "function": "enchant:knockback_hitfreeze"
  }
}
