{
	"pools": [
	  {
		"rolls": 1,
		"entries": [
		  {
			"type": "minecraft:item",
			"name": "minecraft:player_head",
			"functions": [
			  {
				"function": "minecraft:set_nbt",
				"tag": "{TeplusHead:{isolated_core:1b},SkullOwner:{Id:[I;-1182053666,1416774549,-1949217575,-819028885],Properties:{textures:[{Value:\"eyJ0ZXh0dXJlcyI6eyJTS0lOIjp7InVybCI6Imh0dHA6Ly90ZXh0dXJlcy5taW5lY3JhZnQubmV0L3RleHR1cmUvYjRiMWVlMjgyOWU1YzE4OGUwZDU1NDRmMjkyZTMzZTVjOTY2ZGZiZmNkMDE4ZGFjNjA2MzcwMjU4N2VkZDc5ZiJ9fX0=\"}]}}}"
			  },	
			  {
				"function": "minecraft:set_lore",
				"lore": [
				  {
					"translate": "A rare item used to remove",
					"color": "white",
					"italic": false
				  },
				  {
					"translate": "vanilla and custom curses",
					"color": "white",
					"italic": false
				  },
				  {
					"text": "Technical Enchant+",
					"color": "#63C0E3",
					"italic": true
				  }
				]
			  },
			  {
				"function": "minecraft:set_name",
				"name": [
				  {
					"translate": "Isolated Core",
					"color": "#D93262",
					"italic": false
				  }
				]
			  }
			]
		  }
		]
	  }
	]
  }
  