{
	"pools": [
	  {
		"rolls": 1,
		"entries": [
		  {
			"type": "minecraft:item",
			"name": "minecraft:player_head",
			"functions": [
			  {
				"function": "minecraft:set_nbt",
				"tag": "{TeplusHead:{polished_lapis:1b},SkullOwner:{Id:[I;-379562060,930630984,-1401696648,1912235959],Properties:{textures:[{Value:\"eyJ0ZXh0dXJlcyI6eyJTS0lOIjp7InVybCI6Imh0dHA6Ly90ZXh0dXJlcy5taW5lY3JhZnQubmV0L3RleHR1cmUvNTNlZGVlZWM2ZDczYTRiZTZlYTY4NmNjN2IxNDk1ZGU2OGU4NGMwMjQwNDRlOGQzZTIwNDFjZTQ3YTY5M2M5NSJ9fX0=\"}]}}}"
			  },	
			  {
				"function": "minecraft:set_lore",
				"lore": [
				  {
					"translate": "Currency to trade with",
					"color": "white",
					"italic": false
				  },
				  {
					"translate": "an Advanced Enchanter",
					"color": "white",
					"italic": false
				  },
				  {
					"text": "Technical Enchant+",
					"color": "#63C0E3"
				  }
				]
			  },
			  {
				"function": "minecraft:set_name",
				"name": [
				  {
					"translate": "Polished Lapis",
					"color": "#298EE6",
					"italic": false
				  }
				]
			  }
			]
		  }
		]
	  }
	]
  }
  