{
  "display": {
    "icon": {
      "item": "minecraft:player_head",
      "nbt": "{SkullOwner:\"JaroOpal\"}"
    },
    "title": {
      "text":"Jaro"
    },
    "description": {
      "translate": "Texture God maker",
      "color": "green"
    },
    "frame": "goal",
    "show_toast": false,
    "announce_to_chat": false,
    "hidden": false
  },
  "parent": "tepad_uncover:display/root",
  "criteria": {
    "requirement": {
      "trigger": "minecraft:inventory_changed",
      "conditions": {
        "items": [
          {
            "items": [
              "minecraft:enchanted_book"
            ],
            "nbt": "{StoredCustomEnchantments:[{}]}"
          }
        ]
      }
    }
  }
}
