{
	"pools": [
	  {
		"rolls": 1,
		"entries": [
		  {
			"type": "minecraft:item",
			"name": "minecraft:enchanted_book",
			"functions": [
				{
				  "function": "minecraft:copy_nbt",
				   "source": {
					  "type": "minecraft:storage",
					  "source": "teplus:item_lore"
				    },
				    "ops": [
				    {
					  "source": "First",
					  "target": "StoredCustomEnchantments",
					  "op": "replace"
				    }
				 ]
			  },
			  {
				"function": "minecraft:set_lore",
				"entity": "this",
				"lore": [
				  [
					{
					  "translate": "Striker",
					  "color": "gray",
					  "italic": false
					},
					{
					  "text": " "
					},
					{
					  "nbt": "Level",
					  "storage": "teplus:item_lore",
					  "color": "gray",
					  "italic": false
					}
				  ]
				],
				"replace": false
			  },
			  {
				"function": "minecraft:set_lore",
				"entity": "this",
				"lore": [
					[
						[
							[
							  {
								"text": "► ",
								"color": "yellow"
							  },
							  {
								"translate": "Axe",
								"color": "yellow"
							  }
							]
						  ]
					  ]
				],
				"replace": false
			  },
			  {
				"function": "minecraft:set_nbt",
				"tag": "{CustomModelData:7340095}",
				"conditions": [
				  {
					"condition": "minecraft:entity_properties",
					"entity": "this",
					"predicate": {
					  "nbt": "{Tags:[\"teplus.loot_is_book\",\"teplus.loot_1ench\"]}"
					}
				  },
				  {
					"condition": "minecraft:entity_scores",
					"entity": "this",
					"scores": {
					  "TCHA.Section1": 1
					}
				  }
				]
			  },
			  {
				"function": "minecraft:set_nbt",
				"tag": "{CustomModelData:7340096}",
				"conditions": [
				  {
					"condition": "minecraft:entity_properties",
					"entity": "this",
					"predicate": {
					  "nbt": "{Tags:[\"teplus.loot_is_book\",\"teplus.loot_1ench\"]}"
					}
				  },
				  {
					"condition": "minecraft:entity_scores",
					"entity": "this",
					"scores": {
					  "TCHA.Section1": 2
					}
				  }
				]
			  },
			  {
				"function": "minecraft:set_nbt",
				"tag": "{CustomModelData:7340097}",
				"conditions": [
				  {
					"condition": "minecraft:entity_properties",
					"entity": "this",
					"predicate": {
					  "nbt": "{Tags:[\"teplus.loot_is_book\",\"teplus.loot_1ench\"]}"
					}
				  },
				  {
					"condition": "minecraft:entity_scores",
					"entity": "this",
					"scores": {
					  "TCHA.Section1": {
						"min": 3
					  }
					}
				  }
				]
			  }
			]
		  }
		]
	  }
	]
  }
  