{
  "display": {
    "icon": {
      "item": "minecraft:player_head",
      "nbt": "{SkullOwner:{Id:[I;-731408145,-304985227,-1778597514,158507129],Properties:{textures:[{Value:\"eyJ0ZXh0dXJlcyI6eyJTS0lOIjp7InVybCI6Imh0dHA6Ly90ZXh0dXJlcy5taW5lY3JhZnQubmV0L3RleHR1cmUvNjNiMDk4OTY3MzQwZGFhYzUyOTI5M2MyNGUwNDkxMDUwOWIyMDhlN2I5NDU2M2MzZWYzMWRlYzdiMzc1MCJ9fX0=\"}]}}}"
    },
    "title": {
      "text":"Master Oogway"
    },
    "description": {
      "translate": "Addon maker",
      "color": "green"
    },
    "frame": "goal",
    "show_toast": false,
    "announce_to_chat": false,
    "hidden": false
  },
  "parent": "tepad_uncover:display/root",
  "criteria": {
    "requirement": {
      "trigger": "minecraft:inventory_changed",
      "conditions": {
        "items": [
          {
            "items": [
              "minecraft:enchanted_book"
            ],
            "nbt": "{StoredCustomEnchantments:[{}]}"
          }
        ]
      }
    }
  }
}
