{
	"pools": [
	  {
		"rolls": 1,
		"entries": [
		  {
			"type": "minecraft:item",
			"weight": 7,
			"name": "minecraft:rotten_flesh",
			"functions": [
			  {
				"function": "minecraft:set_count",
				"count": {
				  "min": 1,
				  "max": 4
				}
			  }
			]
		  },
		  {
			"type": "minecraft:item",
			"weight": 6,
			"name": "minecraft:bone",
			"functions": [
			  {
				"function": "minecraft:set_count",
				"count": {
				  "min": 2,
				  "max": 6
				}
			  }
			]
		  },
		  {
			"type": "minecraft:item",
			"weight": 6,
			"name": "minecraft:feather",
			"functions": [
			  {
				"function": "minecraft:set_count",
				"count": {
				  "min": 2,
				  "max": 5
				}
			  }
			]
		  },
		  {
			"type": "minecraft:item",
			"weight": 6,
			"name": "minecraft:stick",
			"functions": [
			  {
				"function": "minecraft:set_count",
				"count": {
				  "min": 3,
				  "max": 8
				}
			  }
			]
		  },
		  {
			"type": "minecraft:item",
			"weight": 6,
			"name": "minecraft:sandstone",
			"functions": [
			  {
				"function": "minecraft:set_count",
				"count": {
				  "min": 2,
				  "max": 4
				}
			  }
			],
			"conditions": [
			  {
				"condition": "minecraft:any_of",
				"terms": [
				  {
					"condition": "minecraft:location_check",
					"predicate": {
					  "biome": "minecraft:beach"
					}
				  },
				  {
					"condition": "minecraft:location_check",
					"predicate": {
					  "biome": "minecraft:desert"
					}
				  }
				]
			  }
			]
		  },
		  {
			"type": "minecraft:item",
			"weight": 6,
			"name": "minecraft:mangrove_propagule",
			"functions": [
			  {
				"function": "minecraft:set_count",
				"count": {
				  "min": 1,
				  "max": 3
				}
			  }
			],
			"conditions": [
			  {
				"condition": "minecraft:location_check",
				"predicate": {
				  "biome": "minecraft:mangrove_swamp"
				}
			  }
			]
		  }
		]
	  }
	]
  }
  