{
	"pools": [
	  {
		"rolls": 1,
		"entries": [
		  {
			"type": "minecraft:item",
			"weight": 1,
			"name": "minecraft:saddle"
		  },
		  {
			"type": "minecraft:item",
			"weight": 3,
			"name": "minecraft:raw_gold",
			"functions": [
			  {
				"function": "minecraft:set_count",
				"count": {
				  "min": 3,
				  "max": 5
				}
			  }
			]
		  },
		  {
			"type": "minecraft:item",
			"weight": 2,
			"name": "minecraft:amethyst_shard",
			"functions": [
			  {
				"function": "minecraft:set_count",
				"count": {
				  "min": 3,
				  "max": 5
				}
			  }
			]
		  },
		  {
			"type": "minecraft:item",
			"weight": 4,
			"name": "minecraft:emerald",
			"functions": [
			  {
				"function": "minecraft:set_count",
				"count": {
				  "min": 4,
				  "max": 6
				}
			  }
			],
			"conditions": [
			  {
				"condition": "minecraft:any_of",
				"terms": [
				  {
					"condition": "minecraft:location_check",
					"predicate": {
					  "biome": "minecraft:windswept_hills"
					}
				  },
				  {
					"condition": "minecraft:location_check",
					"predicate": {
					  "biome": "minecraft:meadow"
					}
				  },
				  {
					"condition": "minecraft:location_check",
					"predicate": {
					  "biome": "minecraft:grove"
					}
				  },
				  {
					"condition": "minecraft:location_check",
					"predicate": {
					  "biome": "minecraft:snowy_slopes"
					}
				  },
				  {
					"condition": "minecraft:location_check",
					"predicate": {
					  "biome": "minecraft:jagged_peaks"
					}
				  },
				  {
					"condition": "minecraft:location_check",
					"predicate": {
					  "biome": "minecraft:frozen_peaks"
					}
				  },
				  {
					"condition": "minecraft:location_check",
					"predicate": {
					  "biome": "minecraft:stony_peaks"
					}
				  }
				]
			  }
			]
		  }
		]
	  }
	]
  }
  