{
	"pools": [
	  {
		"rolls": 1,
		"entries": [
		  {
			"type": "minecraft:item",
			"weight": 3,
			"name": "minecraft:skeleton_skull",
			"functions": [
			  {
				"function": "minecraft:set_count",
				"count": {
				  "min": 1,
				  "max": 3
				}
			  }
			]
		  },
		  {
			"type": "minecraft:item",
			"weight": 2,
			"name": "minecraft:diamond",
			"functions": [
			  {
				"function": "minecraft:set_count",
				"count": {
				  "min": 2,
				  "max": 5
				}
			  }
			]
		  }
		]
	  }
	]
  }
  