{
	"pools": [
	  {
		"rolls": 1,
		"entries": [
		  {
			"type": "minecraft:item",
			"weight": 3,
			"name": "minecraft:gold_nugget",
			"functions": [
			  {
				"function": "minecraft:set_count",
				"count": {
				  "min": 3,
				  "max": 5
				}
			  }
			]
		  },
		  {
			"type": "minecraft:item",
			"weight": 3,
			"name": "minecraft:raw_iron",
			"functions": [
			  {
				"function": "minecraft:set_count",
				"count": {
				  "min": 2,
				  "max": 5
				}
			  }
			]
		  },
		  {
			"type": "minecraft:item",
			"weight": 3,
			"name": "minecraft:lapis_lazuli",
			"functions": [
			  {
				"function": "minecraft:set_count",
				"count": {
				  "min": 3,
				  "max": 7
				}
			  }
			]
		  },
		  {
			"type": "minecraft:item",
			"weight": 3,
			"name": "minecraft:rabbit_foot",
			"functions": [
			  {
				"function": "minecraft:set_count",
				"count": {
				  "min": 1,
				  "max": 4
				}
			  }
			],
			"conditions": [
			  {
				"condition": "minecraft:any_of",
				"terms": [
				  {
					"condition": "minecraft:location_check",
					"predicate": {
					  "biome": "minecraft:desert"
					}
				  },
				  {
					"condition": "minecraft:location_check",
					"predicate": {
					  "biome": "minecraft:meadow"
					}
				  },
				  {
					"condition": "minecraft:location_check",
					"predicate": {
					  "biome": "minecraft:taiga"
					}
				  }
				]
			  }
			]
		  },
		  {
			"type": "minecraft:item",
			"weight": 2,
			"name": "minecraft:slime_ball",
			"functions": [
			  {
				"function": "minecraft:set_count",
				"count": {
				  "min": 3,
				  "max": 8
				}
			  }
			],
			"conditions": [
			  {
				"condition": "minecraft:any_of",
				"terms": [
				  {
					"condition": "minecraft:location_check",
					"predicate": {
					  "biome": "minecraft:swamp"
					}
				  },
				  {
					"condition": "minecraft:location_check",
					"predicate": {
					  "biome": "minecraft:mangrove_swamp"
					}
				  }
				]
			  }
			]
		  }
		]
	  }
	]
  }
  