{
	"pools": [
	  {
		"rolls": 1,
		"entries": [
		  {
			"type": "minecraft:item",
			"weight": 5,
			"name": "minecraft:iron_nugget",
			"functions": [
			  {
				"function": "minecraft:set_count",
				"count": {
				  "min": 2,
				  "max": 5
				}
			  }
			]
		  },
		  {
			"type": "minecraft:item",
			"weight": 5,
			"name": "minecraft:leather",
			"functions": [
			  {
				"function": "minecraft:set_count",
				"count": {
				  "min": 1,
				  "max": 3
				}
			  }
			]
		  },
		  {
			"type": "minecraft:item",
			"weight": 4,
			"name": "minecraft:rabbit_hide",
			"functions": [
			  {
				"function": "minecraft:set_count",
				"count": {
				  "min": 2,
				  "max": 4
				}
			  }
			],
			"conditions": [
			  {
				"condition": "minecraft:any_of",
				"terms": [
				  {
					"condition": "minecraft:location_check",
					"predicate": {
					  "biome": "minecraft:desert"
					}
				  },
				  {
					"condition": "minecraft:location_check",
					"predicate": {
					  "biome": "minecraft:taiga"
					}
				  },
				  {
					"condition": "minecraft:location_check",
					"predicate": {
					  "biome": "minecraft:meadow"
					}
				  }
				]
			  }
			]
		  },
		  {
			"type": "minecraft:item",
			"weight": 5,
			"name": "minecraft:ice",
			"functions": [
			  {
				"function": "minecraft:set_count",
				"count": {
				  "min": 4,
				  "max": 10
				}
			  }
			],
			"conditions": [
			  {
				"condition": "minecraft:any_of",
				"terms": [
				  {
					"condition": "minecraft:location_check",
					"predicate": {
					  "biome": "minecraft:snowy_plains"
					}
				  },
				  {
					"condition": "minecraft:location_check",
					"predicate": {
					  "biome": "minecraft:snowy_taiga"
					}
				  }
				]
			  }
			]
		  },
		  {
			"type": "minecraft:item",
			"weight": 4,
			"name": "minecraft:packed_ice",
			"functions": [
			  {
				"function": "minecraft:set_count",
				"count": {
				  "min": 2,
				  "max": 5
				}
			  }
			],
			"conditions": [
			  {
				"condition": "minecraft:location_check",
				"predicate": {
				  "biome": "minecraft:snowy_slopes"
				}
			  }
			]
		  },
		  {
			"type": "minecraft:item",
			"weight": 3,
			"name": "minecraft:bamboo",
			"functions": [
			  {
				"function": "minecraft:set_count",
				"count": {
				  "min": 2,
				  "max": 5
				}
			  }
			],
			"conditions": [
			  {
				"condition": "minecraft:any_of",
				"terms": [
				  {
					"condition": "minecraft:location_check",
					"predicate": {
					  "biome": "minecraft:bamboo_jungle"
					}
				  },
				  {
					"condition": "minecraft:location_check",
					"predicate": {
					  "biome": "minecraft:jungle"
					}
				  },
				  {
					"condition": "minecraft:location_check",
					"predicate": {
					  "biome": "minecraft:sparse_jungle"
					}
				  }
				]
			  }
			]
		  }
		]
	  }
	]
  }
  