{
    "values": [
        {"id":"tepad_compact:teplus/extensions/insert_in_admin_box", "required":false},
        {"id":"tepad_expertise:teplus/extensions/insert_in_admin_box", "required":false},
        {"id":"tepad_frostbite:teplus/extensions/insert_in_admin_box", "required":false},
        {"id":"tepad_heat_vision:teplus/extensions/insert_in_admin_box", "required":false},
        {"id":"tepad_pull:teplus/extensions/insert_in_admin_box", "required":false},
        {"id":"tepad_relocation:teplus/extensions/insert_in_admin_box", "required":false},
        {"id":"tepad_spawner_touch:teplus/extensions/insert_in_admin_box", "required":false},
        {"id":"tepad_uncover:teplus/extensions/insert_in_admin_box", "required":false},
        {"id":"tepad_voidless:teplus/extensions/insert_in_admin_box", "required":false},
        {"id":"tepad_withering:teplus/extensions/insert_in_admin_box", "required":false}
    ]
}